{
  "timestamp": "2026-03-18T21:42:46.235932",
  "configuration": {
    "data_sizes_bytes": [
      1024,
      102400,
      10240000
    ],
    "n_trials": 3
  },
  "benchmarks": [
    {
      "size_bytes": 1024,
      "n_elements": 128,
      "conventional": {
        "pipe": {
          "mean_time_s": 2.5666668079793453e-06,
          "std_time_s": 1.00774228087321e-06,
          "mean_energy_J": 4.703811805312981e-17,
          "mean_latency_ms": 0.0025666668079793453,
          "bandwidth_GBps": 0.39896101699548703
        },
        "shared_memory": {
          "mean_time_s": 1.2333378739034135e-06,
          "std_time_s": 4.496907212280747e-07,
          "mean_energy_J": 2.3523300380292905e-17,
          "mean_latency_ms": 0.0012333378739034135,
          "bandwidth_GBps": 0.8302672136055659
        },
        "message_queue": {
          "mean_time_s": 1.7333368305116892e-06,
          "std_time_s": 4.642765276417045e-07,
          "mean_energy_J": 5.879764756641227e-17,
          "mean_latency_ms": 0.0017333368305116892,
          "bandwidth_GBps": 0.5907680388339238
        }
      },
      "categorical": {
        "address_sharing": {
          "mean_time_s": 2.8699995406592887e-05,
          "std_time_s": 1.1669043948138477e-05,
          "mean_transfer_time_s": 3.66669458647569e-07,
          "mean_registration_time_s": 2.399999842358132e-05,
          "mean_resolution_time_s": 4.333327524363995e-06,
          "mean_energy_J": 5.540989538138228e-19,
          "mean_latency_ms": 0.000366669458647569,
          "mean_nav_steps": 7.0,
          "address_size_bytes": 24,
          "data_size_bytes": 1024,
          "true_zero_copy": true
        }
      },
      "speedups": {
        "pipe": 6.99994708434755,
        "shared_memory": 3.3636231347232513,
        "message_queue": 4.7272462694465025
      },
      "energy_ratios": {
        "pipe": 0.011779785772635823,
        "shared_memory": 0.023555323651694292,
        "message_queue": 0.009423828618108657
      }
    },
    {
      "size_bytes": 102400,
      "n_elements": 12800,
      "conventional": {
        "pipe": {
          "mean_time_s": 4.633333689222733e-05,
          "std_time_s": 3.718972680798091e-05,
          "mean_energy_J": 4.703811805312981e-15,
          "mean_latency_ms": 0.04633333689222733,
          "bandwidth_GBps": 2.2100717726889676
        },
        "shared_memory": {
          "mean_time_s": 4.233331613553067e-06,
          "std_time_s": 2.054757363937153e-07,
          "mean_energy_J": 2.3523300380292907e-15,
          "mean_latency_ms": 0.004233331613553067,
          "bandwidth_GBps": 24.188986204663262
        },
        "message_queue": {
          "mean_time_s": 8.166665793396533e-06,
          "std_time_s": 2.6246461551878147e-07,
          "mean_energy_J": 5.8797647566412265e-15,
          "mean_latency_ms": 0.008166665793396533,
          "bandwidth_GBps": 12.53877685098849
        }
      },
      "categorical": {
        "address_sharing": {
          "mean_time_s": 0.00023160000273492187,
          "std_time_s": 5.413561605493766e-06,
          "mean_transfer_time_s": 1.9999667226026455e-07,
          "mean_registration_time_s": 0.00022640000194466361,
          "mean_resolution_time_s": 5.000004117997984e-06,
          "mean_energy_J": 5.5409897038161075e-19,
          "mean_latency_ms": 0.00019999667226026455,
          "mean_nav_steps": 11.0,
          "address_size_bytes": 24,
          "data_size_bytes": 102400,
          "true_zero_copy": true
        }
      },
      "speedups": {
        "pipe": 231.67053915743008,
        "shared_memory": 21.167010259270935,
        "message_queue": 40.83400839174408
      },
      "energy_ratios": {
        "pipe": 0.0001177978612485629,
        "shared_memory": 0.00023555324356008212,
        "message_queue": 9.423828899885032e-05
      }
    },
    {
      "size_bytes": 10240000,
      "n_elements": 1280000,
      "conventional": {
        "pipe": {
          "mean_time_s": 0.0043476999999256805,
          "std_time_s": 0.0006071555379702648,
          "mean_energy_J": 4.703811805312981e-13,
          "mean_latency_ms": 4.3476999999256805,
          "bandwidth_GBps": 2.3552683028210417
        },
        "shared_memory": {
          "mean_time_s": 0.002187166663740451,
          "std_time_s": 0.0003095101071796616,
          "mean_energy_J": 2.3523300380292905e-13,
          "mean_latency_ms": 2.187166663740451,
          "bandwidth_GBps": 4.681856289126017
        },
        "message_queue": {
          "mean_time_s": 0.004681666662994151,
          "std_time_s": 0.0005882828453607945,
          "mean_energy_J": 5.879764756641227e-13,
          "mean_latency_ms": 4.681666662994151,
          "bandwidth_GBps": 2.18725525269478
        }
      },
      "categorical": {
        "address_sharing": {
          "mean_time_s": 0.025379699994421873,
          "std_time_s": 0.0012474596967754535,
          "mean_transfer_time_s": 7.999963903178772e-07,
          "mean_registration_time_s": 0.02535590000237183,
          "mean_resolution_time_s": 2.2999995659726363e-05,
          "mean_energy_J": 5.540989869493987e-19,
          "mean_latency_ms": 0.0007999963903178772,
          "mean_nav_steps": 15.0,
          "address_size_bytes": 24,
          "data_size_bytes": 10240000,
          "true_zero_copy": true
        }
      },
      "speedups": {
        "pipe": 5434.649521603628,
        "shared_memory": 2733.970665631859,
        "message_queue": 5852.109734062548
      },
      "energy_ratios": {
        "pipe": 1.1779786477076758e-06,
        "shared_memory": 2.3555325060322136e-06,
        "message_queue": 9.423829181661407e-07
      }
    }
  ],
  "summary": {
    "best_speedup_vs_pipe": 5434.649521603628,
    "best_speedup_vs_shared_mem": 2733.970665631859,
    "best_speedup_vs_message_queue": 5852.109734062548,
    "latency_is_constant": false,
    "true_zero_copy_validated": true,
    "claim_validation": {
      "100x_speedup_achieved": true,
      "speedup_increases_with_size": true,
      "energy_dramatically_lower": true,
      "latency_independent_of_size": false
    }
  }
}